"Status","Start Time","Stop Time","Duration in ms","Parent Suite","Suite","Sub Suite","Test Class","Test Method","Name","Description"
"passed","Fri Nov 11 18:58:39 GMT 2022","Fri Nov 11 18:58:39 GMT 2022","0","tests","test_task_2_solution","","","","test_task_2_float[two numbers-222.0a#333-333.0-555.0]",""
"passed","Fri Nov 11 18:58:39 GMT 2022","Fri Nov 11 18:58:39 GMT 2022","0","tests","test_task_1_solution","","","","test_task_1_desired_places[two fields' list without the best choice-blocks5-desired_places5-1]",""
"passed","Fri Nov 11 18:58:39 GMT 2022","Fri Nov 11 18:58:39 GMT 2022","0","tests","test_task_2_solution","","","","test_task_2_word[no words at all-2*3%4-]",""
"passed","Fri Nov 11 18:58:39 GMT 2022","Fri Nov 11 18:58:39 GMT 2022","0","tests","test_task_3_solution","","","","test_task_3_anagrams[one anagram-input_list1-expected_list1]",""
"passed","Fri Nov 11 18:58:39 GMT 2022","Fri Nov 11 18:58:39 GMT 2022","0","tests","test_task_2_solution","","","","test_task_2_float[positive and negative-_#222aa333gh-444.56-333.0-110.44]",""
"passed","Fri Nov 11 18:58:39 GMT 2022","Fri Nov 11 18:58:39 GMT 2022","1","tests","test_task_2_solution","","","","test_task_2_int[negative--111--111--111]",""
"passed","Fri Nov 11 18:58:39 GMT 2022","Fri Nov 11 18:58:39 GMT 2022","0","tests","test_task_2_solution","","","","test_task_2_float[one number-333.0-333.0-333.0]",""
"passed","Fri Nov 11 18:58:39 GMT 2022","Fri Nov 11 18:58:39 GMT 2022","1","tests","test_task_3_solution","","","","test_task_3_anagrams[original sample-input_list0-expected_list0]",""
"passed","Fri Nov 11 18:58:39 GMT 2022","Fri Nov 11 18:58:39 GMT 2022","0","tests","test_task_1_solution","","","","test_task_1_desired_places[original sample-blocks0-desired_places0-0]",""
"passed","Fri Nov 11 18:58:39 GMT 2022","Fri Nov 11 18:58:39 GMT 2022","1","tests","test_task_1_solution","","","","test_task_1_desired_places[two fields' list with two half-blocks and one that is empty in between-blocks8-desired_places8-2]",""
"passed","Fri Nov 11 18:58:39 GMT 2022","Fri Nov 11 18:58:39 GMT 2022","0","tests","test_task_2_solution","","","","test_task_2_int[original sample-fRETre3445 43#$% 5п32424234 #$@$34 2323-32424234-32430084]",""
"passed","Fri Nov 11 18:58:39 GMT 2022","Fri Nov 11 18:58:39 GMT 2022","0","tests","test_task_2_solution","","","","test_task_2_float[original sample-fRETre3445 43#$% 5п32424234 #$@$34 2323-32424234-32430084]",""
"passed","Fri Nov 11 18:58:39 GMT 2022","Fri Nov 11 18:58:39 GMT 2022","1","tests","test_task_1_solution","","","","test_task_1_desired_places[two fields' list with the best choice-blocks4-desired_places4-3]",""
"passed","Fri Nov 11 18:58:39 GMT 2022","Fri Nov 11 18:58:39 GMT 2022","1","tests","test_task_2_solution","","","","test_task_2_int[one number-333-333-333]",""
"passed","Fri Nov 11 18:58:39 GMT 2022","Fri Nov 11 18:58:39 GMT 2022","0","tests","test_task_1_solution","","","","test_task_1_desired_places[the best choice is obvious-blocks3-desired_places3-0]",""
"passed","Fri Nov 11 18:58:39 GMT 2022","Fri Nov 11 18:58:39 GMT 2022","0","tests","test_task_1_solution","","","","test_task_1_desired_places[an empty list-blocks7-desired_places7-1]",""
"passed","Fri Nov 11 18:58:39 GMT 2022","Fri Nov 11 18:58:39 GMT 2022","1","tests","test_task_2_solution","","","","test_task_2_int[three numbers-aaa333bbb444###555x-555-1332]",""
"passed","Fri Nov 11 18:58:39 GMT 2022","Fri Nov 11 18:58:39 GMT 2022","0","tests","test_task_3_solution","","","","test_task_3_anagrams[empty-input_list3-expected_list3]",""
"passed","Fri Nov 11 18:58:39 GMT 2022","Fri Nov 11 18:58:39 GMT 2022","0","tests","test_task_2_solution","","","","test_task_2_int[empty--0-0]",""
"passed","Fri Nov 11 18:58:39 GMT 2022","Fri Nov 11 18:58:39 GMT 2022","0","tests","test_task_2_solution","","","","test_task_2_int[two numbers-222a#333-333-555]",""
"passed","Fri Nov 11 18:58:39 GMT 2022","Fri Nov 11 18:58:39 GMT 2022","0","tests","test_task_2_solution","","","","test_task_2_float[empty--0.0-0.0]",""
"passed","Fri Nov 11 18:58:39 GMT 2022","Fri Nov 11 18:58:39 GMT 2022","1","tests","test_task_1_solution","","","","test_task_1_desired_places[the first block of the two possible-blocks2-desired_places2-0]",""
"passed","Fri Nov 11 18:58:39 GMT 2022","Fri Nov 11 18:58:39 GMT 2022","0","tests","test_task_2_solution","","","","test_task_2_word[a clear case-aaaa#bbb3ccc-aaaa]",""
"passed","Fri Nov 11 18:58:39 GMT 2022","Fri Nov 11 18:58:39 GMT 2022","0","tests","test_task_2_solution","","","","test_task_2_int[similar numbers-111a111b111c111d11-111-455]",""
"passed","Fri Nov 11 18:58:39 GMT 2022","Fri Nov 11 18:58:39 GMT 2022","0","tests","test_task_2_solution","","","","test_task_2_word[original sample-#)&^-]",""
"passed","Fri Nov 11 18:58:39 GMT 2022","Fri Nov 11 18:58:39 GMT 2022","0","tests","test_task_2_solution","","","","test_task_2_word[equal-length words-abc,def-abc]",""
"passed","Fri Nov 11 18:58:39 GMT 2022","Fri Nov 11 18:58:39 GMT 2022","0","tests","test_task_2_solution","","","","test_task_2_float[three numbers-aaa333bbb444###555x-555.0-1332.0]",""
"passed","Fri Nov 11 18:58:39 GMT 2022","Fri Nov 11 18:58:39 GMT 2022","1","tests","test_task_3_solution","","","","test_task_3_anagrams_in_str[original sample-cat rocket tac testing dog setting carrot fix drone abc-expected_list0]",""
"passed","Fri Nov 11 18:58:39 GMT 2022","Fri Nov 11 18:58:39 GMT 2022","1","tests","test_task_2_solution","","","","test_task_2_word[empty--]",""
"passed","Fri Nov 11 18:58:39 GMT 2022","Fri Nov 11 18:58:39 GMT 2022","0","tests","test_task_1_solution","","","","test_task_1_desired_places[the last block-blocks1-desired_places1-4]",""
"passed","Fri Nov 11 18:58:39 GMT 2022","Fri Nov 11 18:58:39 GMT 2022","0","tests","test_task_2_solution","","","","test_task_2_int[positive and negative-_#222aa333gh-444-333-111]",""
"passed","Fri Nov 11 18:58:39 GMT 2022","Fri Nov 11 18:58:39 GMT 2022","0","tests","test_task_3_solution","","","","test_task_3_anagrams[no anagrams-input_list2-expected_list2]",""
"passed","Fri Nov 11 18:58:39 GMT 2022","Fri Nov 11 18:58:39 GMT 2022","0","tests","test_task_2_solution","","","","test_task_2_float[negative--111--111.0--111.0]",""
"passed","Fri Nov 11 18:58:39 GMT 2022","Fri Nov 11 18:58:39 GMT 2022","1","tests","test_task_1_solution","","","","test_task_1_desired_places[two fields' list with poor blocks-blocks6-desired_places6-2]",""
